"","mean","sd","2.5%","25%","50%","75%","97.5%","Rhat","n.eff"
"regionVal[1]",1.29270386067733e-06,7.15027861390448e-07,-5.14095e-09,8.062e-07,1.261e-06,1.74625e-06,2.790025e-06,1,1
"regionVal[2]",1.34644418853333e-06,7.21141177551985e-07,9.284425e-08,8.4485e-07,1.306e-06,1.818e-06,2.818025e-06,1,1
"regionVal[3]",1.39646805398667e-06,6.75109558454953e-07,1.741925e-07,9.27775e-07,1.381e-06,1.817e-06,2.78505e-06,1,1
"regionVal[4]",1.26423961797333e-06,8.92586840455997e-07,-4.1841e-07,7.146e-07,1.222e-06,1.776e-06,3.16105e-06,1,1
"regionVal[5]",1.29843574130733e-06,9.26012370750608e-07,-3.448175e-07,7.476e-07,1.254e-06,1.802e-06,3.300025e-06,1,1
"regionVal[6]",1.14628753149333e-06,8.71992154249568e-07,-6.146025e-07,6.225e-07,1.141e-06,1.673e-06,2.845e-06,1,1
"countryVal[1]",1.10597863744667e-06,1.00899454518263e-06,-9.763175e-07,4.98675e-07,1.111e-06,1.733e-06,3.135025e-06,1,1
"countryVal[2]",1.19702846742e-06,1.05696522789186e-06,-1.022025e-06,5.72975e-07,1.187e-06,1.856e-06,3.299e-06,1,1
"countryVal[3]",1.12321256222e-06,9.38895010235734e-07,-8.628025e-07,5.70675e-07,1.172e-06,1.732e-06,2.91505e-06,1,1
"countryVal[4]",1.27589055384067e-06,1.01439856375991e-06,-8.001875e-07,6.5615e-07,1.25e-06,1.919e-06,3.315025e-06,1,1
"countryVal[5]",1.77698373080667e-06,1.0443034771365e-06,5.22077500000003e-09,1.05275e-06,1.664e-06,2.399e-06,4.15605e-06,1,1
"countryVal[6]",2.0603708388e-06,1.09737775060391e-06,2.76875e-07,1.281e-06,1.891e-06,2.699e-06,4.607025e-06,1,1
"countryVal[7]",2.00860721706667e-06,1.23034569956572e-06,8.7706e-08,1.132e-06,1.804e-06,2.719e-06,4.864e-06,1,1
"countryVal[8]",1.13820979586667e-06,9.48794875818294e-07,-7.721575e-07,5.584e-07,1.133e-06,1.741e-06,3.038e-06,1,1
"countryVal[9]",1.288768583146e-06,9.58225051190528e-07,-5.6112e-07,6.878e-07,1.262e-06,1.86725e-06,3.289e-06,1,1
"countryVal[10]",1.13630170482467e-06,1.00749062622796e-06,-1.02305e-06,5.45e-07,1.149e-06,1.785e-06,3.062025e-06,1,1
"countryVal[11]",1.08658463821333e-06,9.83926441701818e-07,-9.87735e-07,5.04775e-07,1.101e-06,1.711e-06,3.025e-06,1,1
"countryVal[12]",1.4172071615728e-06,1.02443908130733e-06,-4.8283e-07,7.686e-07,1.356e-06,2.008e-06,3.628e-06,1,1
"countryVal[13]",1.0845215999584e-06,1.03284215837102e-06,-1.061e-06,4.6235e-07,1.097e-06,1.744e-06,3.078125e-06,1,1
"countryVal[14]",1.1054927749e-06,1.00175224172637e-06,-9.7214e-07,5.0835e-07,1.107e-06,1.729e-06,3.131025e-06,1,1
"countryVal[15]",1.12964850503733e-06,9.82630165832364e-07,-9.1396e-07,5.5185e-07,1.165e-06,1.752e-06,3.007025e-06,1,1
"countryVal[16]",1.80086626396e-06,1.01727533784991e-06,3.625325e-08,1.115e-06,1.704e-06,2.377e-06,4.099e-06,1,1
"countryVal[17]",2.5030419044e-06,1.5011561391493e-06,4.0568e-07,1.431e-06,2.154e-06,3.32025e-06,6.153025e-06,1,1
"countryVal[18]",1.04541563121867e-06,1.00049764483064e-06,-1.074075e-06,4.43175e-07,1.069e-06,1.687e-06,2.945e-06,1,1
"countryVal[19]",1.1832550776e-06,1.07109128934618e-06,-9.085125e-07,5.18175e-07,1.158e-06,1.828e-06,3.382125e-06,1,1
"countryVal[20]",1.09543965248e-06,9.91684652177766e-07,-1.06105e-06,5.084e-07,1.155e-06,1.734e-06,2.987025e-06,1,1
"countryVal[21]",1.17273973436267e-06,9.10527400644894e-07,-7.614225e-07,6.1885e-07,1.203e-06,1.763e-06,2.914075e-06,1,1
"countryVal[22]",1.20825555204899e-06,9.9610122010826e-07,-8.9841e-07,6.171e-07,1.238e-06,1.816e-06,3.193025e-06,1,1
"countryVal[23]",1.2050002261e-06,1.03195050361414e-06,-9.727725e-07,5.972e-07,1.228e-06,1.833e-06,3.24405e-06,1,1
"countryVal[24]",1.207392934396e-06,1.19717163530209e-06,-1.213025e-06,5.27875e-07,1.196e-06,1.878e-06,3.67505e-06,1,1
"countryVal[25]",1.643947254e-06,1.03428627436552e-06,-1.628125e-07,9.525e-07,1.543e-06,2.252e-06,3.942075e-06,1,1
"countryVal[26]",1.06930651123333e-06,1.01571681238534e-06,-1.075025e-06,4.68675e-07,1.078e-06,1.7e-06,3.096125e-06,1,1
"countryVal[27]",1.12228919775733e-06,9.53136911924086e-07,-9.0374e-07,5.55175e-07,1.168e-06,1.734e-06,2.9561e-06,1,1
"countryVal[28]",1.17878825191333e-06,9.66630576538844e-07,-8.88105e-07,6.072e-07,1.219e-06,1.789e-06,3.0471e-06,1,1
"countryVal[29]",1.27802135960133e-06,1.0101745430295e-06,-7.5082e-07,6.53625e-07,1.249e-06,1.92e-06,3.315e-06,1,1
"countryVal[30]",1.20151699306933e-06,9.83579642951618e-07,-8.5781e-07,6.16575e-07,1.23e-06,1.806e-06,3.149075e-06,1,1
"countryVal[31]",8.87724150595067e-07,1.02994008352734e-06,-1.258025e-06,2.45e-07,9.3605e-07,1.552e-06,2.877025e-06,1,1
"countryVal[32]",1.69666059890667e-06,1.05442072723313e-06,-1.17215e-07,9.85775e-07,1.577e-06,2.316e-06,4.058025e-06,1,1
"countryVal[33]",1.66779256410667e-06,1.02467510868169e-06,-1.786e-07,9.9305e-07,1.599e-06,2.23925e-06,3.96005e-06,1,1
"vaxFactor",1.22292356978e-07,9.85239123697989e-07,-1.904025e-06,-5.31625e-07,1.49e-07,8.1555e-07,1.948025e-06,1,1
"mu.region",1.318193444112e-06,6.91412783442415e-07,1.75497499305295e-07,8.26774998866031e-07,1.261e-06,1.739e-06,2.84002499570962e-06,1.01713813551484,170
"sigma.region",5.44989454806667e-07,5.99917214948274e-07,1.07287471516733e-08,1.622e-07,3.72849996647445e-07,7.18149994778734e-07,2.18807494991381e-06,1.01017922769283,820
"sigma.country",7.6547592e-07,5.07787954903452e-07,6.66197499817042e-08,3.32e-07,7.166e-07,1.117e-06,1.86e-06,1.04541009519816,57
"sigma.diseaseRate",6.2937916e-06,2.15822507923606e-07,5.884e-06,6.149e-06,6.288e-06,6.436e-06,6.737e-06,1.00129338145014,5100
"deviance",-9481.60733333333,6.77715340017003,-9496,-9486,-9480,-9477,-9471,1.0115494444413,190
